{"rmse": 5.981913279484247, "mean": 4.808095452673523, "median": 5.190353515175585, "std": 3.5588628241687204, "min": 0.06719076621552401, "max": 13.026775253006987, "sse": 7693.406593903044}