{"rmse": 4.731660595206476, "mean": 3.944409586003173, "median": 4.825989998069944, "std": 2.6134737431388113, "min": 0.14103000332936697, "max": 10.832949259302765, "sse": 4813.551577469387}