{"rmse": 0.5053493409617396, "mean": 0.38621935538333263, "median": 0.29276248096964996, "std": 0.32590269397129484, "min": 0.06828433600256929, "max": 1.7658397294589288, "sse": 61.54608749492194}