{"rmse": 0.07102775250111774, "mean": 0.03940568078840239, "median": 0.020535099007185663, "std": 0.05909428015436496, "min": 0.0008818942400101489, "max": 0.39665749697348235, "sse": 1.210785990086409}