{"rmse": 0.2864897357903819, "mean": 0.22209278279659572, "median": 0.19593443595544097, "std": 0.1809728281895018, "min": 0.0008449459381701631, "max": 1.1152249036920572, "sse": 17.56434290463396}