{"rmse": 4.200267474285974, "mean": 3.5994067272822186, "median": 4.632339106314335, "std": 2.1648367299037092, "min": 0.09816072342042087, "max": 6.066449574984355, "sse": 3828.367567653195}