{"rmse": 0.5494647999063814, "mean": 0.45233397028372285, "median": 0.44540197883806076, "std": 0.31193836837350414, "min": 0.05423237287381742, "max": 1.2044597971915851, "sse": 65.81672146128284}