{"rmse": 0.33821506879064234, "mean": 0.24165889908355156, "median": 0.18940012592419106, "std": 0.23662292630002005, "min": 0.0012744821084862855, "max": 1.8375124533809575, "sse": 27.33907442893708}