{"rmse": 0.20610777548986858, "mean": 0.11113599159095298, "median": 0.02166831048789093, "std": 0.1735776670268318, "min": 0.0008749731455217326, "max": 0.6223087685363283, "sse": 9.218250080471911}