{"rmse": 0.08602013702268616, "mean": 0.03982508213494284, "median": 0.01762996823064665, "std": 0.07624583140307907, "min": 0.0007315903886368214, "max": 0.5933717477144953, "sse": 1.7758713536164084}