{"rmse": 0.07542973397435486, "mean": 0.03704236822903988, "median": 0.019138005614188915, "std": 0.06570774477507321, "min": 0.0013310335868817092, "max": 0.4358828258135243, "sse": 1.3712043889535086}