{"rmse": 5.5846869385542455, "mean": 4.597179163490986, "median": 5.364352520525267, "std": 3.1709102700049248, "min": 0.10886656661488321, "max": 11.741673275698492, "sse": 6736.765291558212}