{"rmse": 0.35531462879302234, "mean": 0.23668660532710994, "median": 0.17405843839249294, "std": 0.265005540117659, "min": 0.0012744953317402308, "max": 3.0151028021082382, "sse": 27.1434243683795}