{"rmse": 0.06507391664077039, "mean": 0.029021505506032504, "median": 0.015959492636030637, "std": 0.0582440284074965, "min": 0.00020723598782301786, "max": 0.43417379707921816, "sse": 0.9231459886794455}