{"rmse": 0.10848624487093583, "mean": 0.0489157332602963, "median": 0.019148282279310282, "std": 0.09683241381791634, "min": 0.0009224999493943852, "max": 0.6744882894357731, "sse": 2.5539305757846735}