{"rmse": 1.4103910764096714, "mean": 0.812216373449181, "median": 0.4199206960773617, "std": 1.153042736032404, "min": 0.05003697677140774, "max": 3.7740065997679264, "sse": 433.64625147469485}