{"rmse": 4.685458804425449, "mean": 2.114935909803756, "median": 0.3543932030156572, "std": 4.180977195033538, "min": 0.06879311246170301, "max": 14.470771484300386, "sse": 4763.9147531290455}