{"rmse": 0.05422856847083294, "mean": 0.033839664424939554, "median": 0.01959926299114878, "std": 0.04237469468920451, "min": 0.0001248829627274346, "max": 0.6303471872615705, "sse": 14.271399759134898}