{"rmse": 0.41945856678830606, "mean": 0.31816418470891655, "median": 0.2351725081198423, "std": 0.2733441801476853, "min": 0.034971387051496446, "max": 1.0640676312557453, "sse": 38.53206214620986}