{"rmse": 1.7023465677522538, "mean": 0.5088094288405308, "median": 0.17558922090605789, "std": 1.624529717136886, "min": 0.0003499653101944884, "max": 18.487619746249898, "sse": 620.1685410619061}