{"rmse": 0.4355621175001618, "mean": 0.2645319449178734, "median": 0.190662289541483, "std": 0.34603064650286686, "min": 0.0009436457314915712, "max": 4.328592024109598, "sse": 40.5988726550621}