{"rmse": 0.1775164034901822, "mean": 0.09136199782345054, "median": 0.020177183974071235, "std": 0.15220071899237853, "min": 0.0009229174670285147, "max": 0.47846767426521736, "sse": 6.8066078777472585}