{"rmse": 0.4846569639914197, "mean": 0.39786547543571626, "median": 0.4100386198876038, "std": 0.2767588051023701, "min": 0.048596601022498714, "max": 1.5355026814545998, "sse": 56.84395420438203}