{"rmse": 0.07256208011277626, "mean": 0.0295768075040808, "median": 0.015661447072331674, "std": 0.06626060615599219, "min": 0.0007204168141535638, "max": 0.5934950182424705, "sse": 1.1425604370535725}