{"rmse": 7.0483106990917435, "mean": 5.767467277330966, "median": 6.900754897341725, "std": 4.0515435226401895, "min": 0.1550567693654469, "max": 17.394018212350595, "sse": 11922.884090623475}