{"rmse": 0.1797640216544891, "mean": 0.09044715328360087, "median": 0.018553397927833344, "std": 0.15535255371022533, "min": 0.0008012193859538319, "max": 0.4845369033748303, "sse": 7.012377455462852}