{"rmse": 4.6360872766620655, "mean": 2.066361131116065, "median": 0.3881950333375007, "std": 4.150115289078199, "min": 0.05445230564810421, "max": 14.589300754192976, "sse": 4685.540541628479}