{"rmse": 0.3245633210167429, "mean": 0.21043137696283648, "median": 0.16976129074067278, "std": 0.2471031868247392, "min": 0.0012744816068207539, "max": 2.1751685786048673, "sse": 22.648390110124723}