{"rmse": 8.247857424679601, "mean": 6.388302907030822, "median": 4.736814321226964, "std": 5.216966366181017, "min": 5.043883840194739e-15, "max": 17.748114544348393, "sse": 330203.79628292716}