{"rmse": 0.05944539889040459, "mean": 0.028883245884769787, "median": 0.016869983488900175, "std": 0.051956843210488095, "min": 0.0009225149939304381, "max": 0.5119537817518212, "sse": 0.7668249324849312}