{"rmse": 0.3451320451549658, "mean": 0.2438675197087718, "median": 0.18379865555080666, "std": 0.24422277007670926, "min": 0.0009436445374477643, "max": 1.9178082740406455, "sse": 25.490851518869768}