{"rmse": 5.074153614518149, "mean": 4.226478720014976, "median": 5.223401243147983, "std": 2.8078305741244733, "min": 0.10430069370092518, "max": 10.310835209325848, "sse": 5587.106574108888}