{"rmse": 7.380983893646972, "mean": 6.070586760520274, "median": 7.336851940831901, "std": 4.198440141442055, "min": 0.08311897733992588, "max": 17.316373492019185, "sse": 13074.941577186244}