{"rmse": 5.7069330086634285, "mean": 4.695886345665363, "median": 5.589625840953865, "std": 3.243105886949394, "min": 0.1550553562926497, "max": 10.266913002017258, "sse": 7034.922222920398}