{"rmse": 0.07680895578042475, "mean": 0.040672411659616964, "median": 0.018756431647150303, "std": 0.06515650863781682, "min": 0.0009225007218803332, "max": 0.5451750175616622, "sse": 1.4159077651390186}