{"rmse": 10.011405355013224, "mean": 7.732154135065525, "median": 6.030060582002609, "std": 6.359404816016712, "min": 3.552713678800501e-15, "max": 20.754015717609576, "sse": 486407.63504612626}