{"rmse": 0.3666356859516783, "mean": 0.24863234636100284, "median": 0.1878109845884429, "std": 0.26945070524361214, "min": 0.0012744430153717303, "max": 2.53875809108538, "sse": 32.12679256496858}