{"rmse": 5.752025960329608, "mean": 4.854656911682418, "median": 6.526820957384662, "std": 3.085143257315593, "min": 0.10396651531696026, "max": 9.585936038480304, "sse": 7113.447569385735}