{"rmse": 0.29390443057466686, "mean": 0.21956647255552858, "median": 0.18343215166161894, "std": 0.19537240962055383, "min": 0.0008449616467494514, "max": 1.4069001528086953, "sse": 18.65803989126654}