{"rmse": 0.06434146873787246, "mean": 0.03746536458770099, "median": 0.022738162607137465, "std": 0.052308422416062775, "min": 0.00025757508365734663, "max": 0.39664436220674176, "sse": 0.8983419380582163}