{"rmse": 9.421014367322377, "mean": 7.2846787012751415, "median": 6.686641347637901, "std": 5.974024433201035, "min": 0.15505740756313321, "max": 27.12435338087599, "sse": 19171.190529207644}