{"rmse": 0.4961641232004726, "mean": 0.2580947633075716, "median": 0.1732000893468817, "std": 0.42375220389338664, "min": 0.001274495708712874, "max": 5.744951827952324, "sse": 58.8367420791592}