{"rmse": 9.851033797395203, "mean": 7.600522619399511, "median": 5.478669802459111, "std": 6.266970782556671, "min": 3.552713678800501e-15, "max": 20.754015717609576, "sse": 490551.692065371}