{"rmse": 0.32236789620167483, "mean": 0.21424348253832418, "median": 0.1478388035989694, "std": 0.2408750520318462, "min": 0.0009387476942587102, "max": 1.6549640172241757, "sse": 22.446949068322663}