{"rmse": 5.228778508353883, "mean": 4.339783383355435, "median": 5.50235951998305, "std": 2.916574167576664, "min": 0.08845028052872315, "max": 9.169718844463988, "sse": 5878.126808226043}