{"rmse": 0.3324639029215463, "mean": 0.22509178221423626, "median": 0.1585002505208638, "std": 0.24467516491349545, "min": 0.0003499653101944884, "max": 1.8661329565963778, "sse": 23.653900803607055}