{"rmse": 0.3777206006019285, "mean": 0.3010850961811412, "median": 0.30062464044499587, "std": 0.22808028625173754, "min": 0.05032056062860663, "max": 0.9306511275397279, "sse": 31.245354614078867}