{"rmse": 4.514505650716161, "mean": 3.429405531395784, "median": 2.927460428152589, "std": 2.935973257981098, "min": 0.06719076621552401, "max": 11.936440552167065, "sse": 4381.863673124851}