{"rmse": 0.5589172293372178, "mean": 0.4279528359515672, "median": 0.3190749814467795, "std": 0.35950638304625854, "min": 0.04851631339979914, "max": 1.380294730229489, "sse": 75.28562108924811}