{"rmse": 0.04803019433383729, "mean": 0.02716625054771293, "median": 0.015147575953745005, "std": 0.039609271628307706, "min": 0.00016195426941044658, "max": 0.6777685951721115, "sse": 11.65907041538917}