{"rmse": 7.012887293561675, "mean": 3.9688966699778563, "median": 0.3988322662894721, "std": 5.781733945386753, "min": 0.05648423012327113, "max": 19.28771012868974, "sse": 10721.368225899334}