{"rmse": 0.5303081271104727, "mean": 0.31116125134096617, "median": 0.19354357051571214, "std": 0.4294244815370234, "min": 0.0012744816530514307, "max": 3.743580954834109, "sse": 67.21318361338072}