{"rmse": 0.7847486350070257, "mean": 0.5767187545289895, "median": 0.48553841564665967, "std": 0.5321897202313487, "min": 0.10705261719849457, "max": 2.279456250172477, "sse": 134.25103159169504}