{"rmse": 0.03609472781285266, "mean": 0.02832529276127568, "median": 0.02684997070158278, "std": 0.022372017474334836, "min": 0.0043028006037697155, "max": 0.09189583359309524, "sse": 0.027359416893562312}