{"rmse": 0.6158270330215898, "mean": 0.46621877415766905, "median": 0.4084410711238925, "std": 0.40234685188664593, "min": 0.05003692718462411, "max": 1.5430473133934344, "sse": 91.39754723864199}