{"rmse": 0.06425699439320363, "mean": 0.028138920000776082, "median": 0.015028728791547645, "std": 0.05776817904035168, "min": 0.0009207343921989167, "max": 0.39585598850451914, "sse": 0.9001135696017083}