{"rmse": 0.10853266336482353, "mean": 0.093813933244469, "median": 0.07605690327033512, "std": 0.0545736653182139, "min": 3.552713678800501e-15, "max": 0.19387469044389913, "sse": 0.2591454583753664}