{"rmse": 16.245825644848615, "mean": 11.837097742512125, "median": 10.364931835493715, "std": 11.126992761615119, "min": 0.18507979852972148, "max": 45.42393181849746, "sse": 63342.444211877024}