{"rmse": 6.100963361888078, "mean": 5.1882869577069926, "median": 6.324734054481444, "std": 3.2098960088433084, "min": 0.10886716266583714, "max": 10.112963927928616, "sse": 8933.220946344163}