{"rmse": 0.4494292476359101, "mean": 0.3614316809419413, "median": 0.3356281536939496, "std": 0.26712129949156604, "min": 0.055929684179826904, "max": 1.0728666659506707, "sse": 44.033089401466476}