{"rmse": 1.7594595052095763, "mean": 0.4612309821530922, "median": 0.1644424427092861, "std": 1.6979292481061807, "min": 0.0012744831707243798, "max": 23.3610250161322, "sse": 665.5750163515503}